Project Name,Package Name,Type Name,Method Name,Test Smell,Cause of the Smell
Signal-Android-4.60.5,org.thoughtcrime.securesms.lock,PinHashing_hashPin_Test,argon2_hashed_pin_password,Assertion roulette,The tool detected the smell in this test method because the test uses multiple assertion in the test. Total number of assertions in the test are: 5
Signal-Android-4.60.5,org.thoughtcrime.securesms.lock,PinHashing_hashPin_Test,argon2_hashed_pin_another_password,Assertion roulette,The tool detected the smell in this test method because the test uses multiple assertion in the test. Total number of assertions in the test are: 5
Signal-Android-4.60.5,org.thoughtcrime.securesms.lock,PinHashing_hashPin_Test,argon2_hashed_pin_password_with_spaces_diacritics_and_non_arabic_numerals,Assertion roulette,The tool detected the smell in this test method because the test uses multiple assertion in the test. Total number of assertions in the test are: 6
Signal-Android-4.60.5,org.thoughtcrime.securesms.lock,PinHashing_hashPin_Test,argon2_hashed_pin_password_with_just_non_arabic_numerals,Assertion roulette,The tool detected the smell in this test method because the test uses multiple assertion in the test. Total number of assertions in the test are: 6
Signal-Android-4.60.5,org.thoughtcrime.securesms.database,CursorRecyclerViewAdapterTest,testHeaderCount,Assertion roulette,The tool detected the smell in this test method because the test uses multiple assertion in the test. Total number of assertions in the test are: 4
Signal-Android-4.60.5,org.thoughtcrime.securesms.database,CursorRecyclerViewAdapterTest,testFooterCount,Assertion roulette,The tool detected the smell in this test method because the test uses multiple assertion in the test. Total number of assertions in the test are: 4
Signal-Android-4.60.5,org.thoughtcrime.securesms.database,CursorRecyclerViewAdapterTest,testHeaderFooterCount,Assertion roulette,The tool detected the smell in this test method because the test uses multiple assertion in the test. Total number of assertions in the test are: 5
Signal-Android-4.60.5,org.thoughtcrime.securesms.registration.viewmodel,LocalCodeRequestRateLimiterTest,cant_request_within_same_time_period,Assertion roulette,The tool detected the smell in this test method because the test uses multiple assertion in the test. Total number of assertions in the test are: 2
Signal-Android-4.60.5,org.thoughtcrime.securesms.registration.viewmodel,LocalCodeRequestRateLimiterTest,can_request_within_same_time_period_if_different_number,Assertion roulette,The tool detected the smell in this test method because the test uses multiple assertion in the test. Total number of assertions in the test are: 2
Signal-Android-4.60.5,org.thoughtcrime.securesms.registration.viewmodel,LocalCodeRequestRateLimiterTest,can_request_within_same_time_period_if_different_mode,Assertion roulette,The tool detected the smell in this test method because the test uses multiple assertion in the test. Total number of assertions in the test are: 2
Signal-Android-4.60.5,org.thoughtcrime.securesms.registration.viewmodel,LocalCodeRequestRateLimiterTest,can_request_after_time_period,Assertion roulette,The tool detected the smell in this test method because the test uses multiple assertion in the test. Total number of assertions in the test are: 2
Signal-Android-4.60.5,org.thoughtcrime.securesms.registration.viewmodel,LocalCodeRequestRateLimiterTest,can_request_within_same_time_period_if_an_unsuccessful_request_is_seen,Assertion roulette,The tool detected the smell in this test method because the test uses multiple assertion in the test. Total number of assertions in the test are: 2
Signal-Android-4.60.5,org.thoughtcrime.securesms.registration.v2,HashedPinKbsDataTest,vectors_createNewKbsData,Assertion roulette,The tool detected the smell in this test method because the test uses multiple assertion in the test. Total number of assertions in the test are: 4
Signal-Android-4.60.5,org.thoughtcrime.securesms.registration.v2,HashedPinKbsDataTest,vectors_decryptKbsDataIVCipherText,Assertion roulette,The tool detected the smell in this test method because the test uses multiple assertion in the test. Total number of assertions in the test are: 4
Signal-Android-4.60.5,org.thoughtcrime.securesms.registration.v2,PinHasher_normalize_Test,vectors_normalize,Conditional test logic,The tool detected the smell in this test method because the test wraps the assert statements within control flow statements.
Signal-Android-4.60.5,org.thoughtcrime.securesms.registration,PushChallengeRequestTest,getPushChallengeBlocking_completes_fast_if_posted_to_event_bus,Assertion roulette,The tool detected the smell in this test method because the test uses multiple assertion in the test. Total number of assertions in the test are: 3
Signal-Android-4.60.5,org.thoughtcrime.securesms.l10n,LanguageResourcesTest,language_options_matches_available_resources,Conditional test logic,The tool detected the smell in this test method because the test wraps the assert statements within control flow statements.
Signal-Android-4.60.5,org.thoughtcrime.securesms.l10n,SupportArticleTest,ensure_format_and_translatable_state_of_all_support_article_urls,Assertion roulette,The tool detected the smell in this test method because the test uses multiple assertion in the test. Total number of assertions in the test are: 3
Signal-Android-4.60.5,org.thoughtcrime.securesms.jobmanager.impl,JsonDataSerializerTest,deserialize_dataMatchesExpected,Assertion roulette,The tool detected the smell in this test method because the test uses multiple assertion in the test. Total number of assertions in the test are: 22
Signal-Android-4.60.5,org.thoughtcrime.securesms.jobmanager.migrations,SendReadReceiptsJobMigrationTest,givenSendReadReceiptJobDataWithoutThreadIdAndThreadIdFound_whenIMigrate_thenIInsertThreadId,Assertion roulette,The tool detected the smell in this test method because the test uses multiple assertion in the test. Total number of assertions in the test are: 4
Signal-Android-4.60.5,org.thoughtcrime.securesms.jobmanager.migrations,RecipientIdFollowUpJobMigrationTest,migrate_requestGroupInfoJob_good,Assertion roulette,The tool detected the smell in this test method because the test uses multiple assertion in the test. Total number of assertions in the test are: 4
Signal-Android-4.60.5,org.thoughtcrime.securesms.jobmanager.migrations,RecipientIdFollowUpJobMigrationTest,migrate_requestGroupInfoJob_bad,Assertion roulette,The tool detected the smell in this test method because the test uses multiple assertion in the test. Total number of assertions in the test are: 2
Signal-Android-4.60.5,org.thoughtcrime.securesms.jobmanager.migrations,RecipientIdFollowUpJobMigrationTest,migrate_sendDeliveryReceiptJob_good,Assertion roulette,The tool detected the smell in this test method because the test uses multiple assertion in the test. Total number of assertions in the test are: 5
Signal-Android-4.60.5,org.thoughtcrime.securesms.jobmanager.migrations,RecipientIdFollowUpJobMigrationTest,migrate_sendDeliveryReceiptJob_bad,Assertion roulette,The tool detected the smell in this test method because the test uses multiple assertion in the test. Total number of assertions in the test are: 2
Signal-Android-4.60.5,org.thoughtcrime.securesms.jobmanager.migrations,RecipientIdJobMigrationTest,migrate_multiDeviceContactUpdateJob,Assertion roulette,The tool detected the smell in this test method because the test uses multiple assertion in the test. Total number of assertions in the test are: 5
Signal-Android-4.60.5,org.thoughtcrime.securesms.jobmanager.migrations,RecipientIdJobMigrationTest,migrate_multiDeviceViewOnceOpenJob,Assertion roulette,The tool detected the smell in this test method because the test uses multiple assertion in the test. Total number of assertions in the test are: 3
Signal-Android-4.60.5,org.thoughtcrime.securesms.jobmanager.migrations,RecipientIdJobMigrationTest,migrate_requestGroupInfoJob,Assertion roulette,The tool detected the smell in this test method because the test uses multiple assertion in the test. Total number of assertions in the test are: 4
Signal-Android-4.60.5,org.thoughtcrime.securesms.jobmanager.migrations,RecipientIdJobMigrationTest,migrate_sendDeliveryReceiptJob,Assertion roulette,The tool detected the smell in this test method because the test uses multiple assertion in the test. Total number of assertions in the test are: 5
Signal-Android-4.60.5,org.thoughtcrime.securesms.jobmanager.migrations,RecipientIdJobMigrationTest,migrate_multiDeviceVerifiedUpdateJob,Assertion roulette,The tool detected the smell in this test method because the test uses multiple assertion in the test. Total number of assertions in the test are: 6
Signal-Android-4.60.5,org.thoughtcrime.securesms.jobmanager.migrations,RecipientIdJobMigrationTest,migrate_retrieveProfileJob,Assertion roulette,The tool detected the smell in this test method because the test uses multiple assertion in the test. Total number of assertions in the test are: 3
Signal-Android-4.60.5,org.thoughtcrime.securesms.jobmanager.migrations,RecipientIdJobMigrationTest,migrate_pushGroupSendJob_null,Assertion roulette,The tool detected the smell in this test method because the test uses multiple assertion in the test. Total number of assertions in the test are: 4
Signal-Android-4.60.5,org.thoughtcrime.securesms.jobmanager.migrations,RecipientIdJobMigrationTest,migrate_pushGroupSendJob_nonNull,Assertion roulette,The tool detected the smell in this test method because the test uses multiple assertion in the test. Total number of assertions in the test are: 4
Signal-Android-4.60.5,org.thoughtcrime.securesms.jobmanager.migrations,RecipientIdJobMigrationTest,migrate_pushGroupUpdateJob,Assertion roulette,The tool detected the smell in this test method because the test uses multiple assertion in the test. Total number of assertions in the test are: 4
Signal-Android-4.60.5,org.thoughtcrime.securesms.jobmanager.migrations,RecipientIdJobMigrationTest,migrate_directoryRefreshJob_null,Assertion roulette,The tool detected the smell in this test method because the test uses multiple assertion in the test. Total number of assertions in the test are: 5
Signal-Android-4.60.5,org.thoughtcrime.securesms.jobmanager.migrations,RecipientIdJobMigrationTest,migrate_directoryRefreshJob_nonNull,Assertion roulette,The tool detected the smell in this test method because the test uses multiple assertion in the test. Total number of assertions in the test are: 5
Signal-Android-4.60.5,org.thoughtcrime.securesms.jobmanager.migrations,RecipientIdJobMigrationTest,migrate_retrieveProfileAvatarJob,Assertion roulette,The tool detected the smell in this test method because the test uses multiple assertion in the test. Total number of assertions in the test are: 3
Signal-Android-4.60.5,org.thoughtcrime.securesms.jobmanager.migrations,RecipientIdJobMigrationTest,migrate_multiDeviceReadUpdateJob_empty,Assertion roulette,The tool detected the smell in this test method because the test uses multiple assertion in the test. Total number of assertions in the test are: 3
Signal-Android-4.60.5,org.thoughtcrime.securesms.jobmanager.migrations,RecipientIdJobMigrationTest,migrate_multiDeviceReadUpdateJob_twoIds,Assertion roulette,The tool detected the smell in this test method because the test uses multiple assertion in the test. Total number of assertions in the test are: 5
Signal-Android-4.60.5,org.thoughtcrime.securesms.jobmanager.migrations,RecipientIdJobMigrationTest,migrate_pushTextSendJob,Assertion roulette,The tool detected the smell in this test method because the test uses multiple assertion in the test. Total number of assertions in the test are: 3
Signal-Android-4.60.5,org.thoughtcrime.securesms.jobmanager.migrations,RecipientIdJobMigrationTest,migrate_pushMediaSendJob,Assertion roulette,The tool detected the smell in this test method because the test uses multiple assertion in the test. Total number of assertions in the test are: 3
Signal-Android-4.60.5,org.thoughtcrime.securesms.jobmanager.migrations,RecipientIdJobMigrationTest,migrate_smsSendJob_nonNull,Assertion roulette,The tool detected the smell in this test method because the test uses multiple assertion in the test. Total number of assertions in the test are: 4
Signal-Android-4.60.5,org.thoughtcrime.securesms.jobmanager.migrations,RecipientIdJobMigrationTest,migrate_smsSendJob_null,Assertion roulette,The tool detected the smell in this test method because the test uses multiple assertion in the test. Total number of assertions in the test are: 4
Signal-Android-4.60.5,org.thoughtcrime.securesms.jobmanager,JobMigratorTest,JobMigrator_properInitialization,Missing assertion,The tool detected the smell in this test method because the test doesn't have any assertion.
Signal-Android-4.60.5,org.thoughtcrime.securesms.util,DiffHelperTest,calculate_allRemoved,Missing assertion,The tool detected the smell in this test method because the test doesn't have any assertion.
Signal-Android-4.60.5,org.thoughtcrime.securesms.util,DiffHelperTest,calculate_allInserted,Missing assertion,The tool detected the smell in this test method because the test doesn't have any assertion.
Signal-Android-4.60.5,org.thoughtcrime.securesms.util,DiffHelperTest,calculate_completeSwap,Missing assertion,The tool detected the smell in this test method because the test doesn't have any assertion.
Signal-Android-4.60.5,org.thoughtcrime.securesms.util,DiffHelperTest,calculate_bothEmpty,Missing assertion,The tool detected the smell in this test method because the test doesn't have any assertion.
Signal-Android-4.60.5,org.thoughtcrime.securesms.util,FeatureFlagsTest,updateInternal_newValue_ignoreNotInRemoteCapable,Assertion roulette,The tool detected the smell in this test method because the test uses multiple assertion in the test. Total number of assertions in the test are: 3
Signal-Android-4.60.5,org.thoughtcrime.securesms.util,FeatureFlagsTest,updateInternal_newValue,Assertion roulette,The tool detected the smell in this test method because the test uses multiple assertion in the test. Total number of assertions in the test are: 3
Signal-Android-4.60.5,org.thoughtcrime.securesms.util,FeatureFlagsTest,updateInternal_newValue_hotSwap,Assertion roulette,The tool detected the smell in this test method because the test uses multiple assertion in the test. Total number of assertions in the test are: 3
Signal-Android-4.60.5,org.thoughtcrime.securesms.util,FeatureFlagsTest,updateInternal_newValue_sticky,Assertion roulette,The tool detected the smell in this test method because the test uses multiple assertion in the test. Total number of assertions in the test are: 3
Signal-Android-4.60.5,org.thoughtcrime.securesms.util,FeatureFlagsTest,updateInternal_newValue_hotSwap_sticky,Assertion roulette,The tool detected the smell in this test method because the test uses multiple assertion in the test. Total number of assertions in the test are: 3
Signal-Android-4.60.5,org.thoughtcrime.securesms.util,FeatureFlagsTest,updateInternal_replaceValue,Assertion roulette,The tool detected the smell in this test method because the test uses multiple assertion in the test. Total number of assertions in the test are: 3
Signal-Android-4.60.5,org.thoughtcrime.securesms.util,FeatureFlagsTest,updateInternal_replaceValue_hotSwap,Assertion roulette,The tool detected the smell in this test method because the test uses multiple assertion in the test. Total number of assertions in the test are: 3
Signal-Android-4.60.5,org.thoughtcrime.securesms.util,FeatureFlagsTest,updateInternal_replaceValue_hotSwap_stickyChange,Assertion roulette,The tool detected the smell in this test method because the test uses multiple assertion in the test. Total number of assertions in the test are: 3
Signal-Android-4.60.5,org.thoughtcrime.securesms.util,FeatureFlagsTest,updateInternal_replaceValue_hotSwap_stickyIgnore_memoryAndDisk,Assertion roulette,The tool detected the smell in this test method because the test uses multiple assertion in the test. Total number of assertions in the test are: 3
Signal-Android-4.60.5,org.thoughtcrime.securesms.util,FeatureFlagsTest,updateInternal_removeValue,Assertion roulette,The tool detected the smell in this test method because the test uses multiple assertion in the test. Total number of assertions in the test are: 3
Signal-Android-4.60.5,org.thoughtcrime.securesms.util,FeatureFlagsTest,updateInternal_removeValue_notRemoteCapable,Assertion roulette,The tool detected the smell in this test method because the test uses multiple assertion in the test. Total number of assertions in the test are: 3
Signal-Android-4.60.5,org.thoughtcrime.securesms.util,FeatureFlagsTest,updateInternal_removeValue_hotSwap,Assertion roulette,The tool detected the smell in this test method because the test uses multiple assertion in the test. Total number of assertions in the test are: 3
Signal-Android-4.60.5,org.thoughtcrime.securesms.util,FeatureFlagsTest,updateInternal_removeValue_hotSwap_notRemoteCapable,Assertion roulette,The tool detected the smell in this test method because the test uses multiple assertion in the test. Total number of assertions in the test are: 3
Signal-Android-4.60.5,org.thoughtcrime.securesms.util,FeatureFlagsTest,updateInternal_removeValue_stickyAlreadyEnabled,Assertion roulette,The tool detected the smell in this test method because the test uses multiple assertion in the test. Total number of assertions in the test are: 3
Signal-Android-4.60.5,org.thoughtcrime.securesms.util,FeatureFlagsTest,updateInternal_removeValue_stickyNotEnabled,Assertion roulette,The tool detected the smell in this test method because the test uses multiple assertion in the test. Total number of assertions in the test are: 3
Signal-Android-4.60.5,org.thoughtcrime.securesms.util,FeatureFlagsTest,updateInternal_removeValue_stickyNotEnabled_notRemoteCapable,Assertion roulette,The tool detected the smell in this test method because the test uses multiple assertion in the test. Total number of assertions in the test are: 3
Signal-Android-4.60.5,org.thoughtcrime.securesms.util,FeatureFlagsTest,updateInternal_removeValue_hotSwap_stickyAlreadyEnabled,Assertion roulette,The tool detected the smell in this test method because the test uses multiple assertion in the test. Total number of assertions in the test are: 3
Signal-Android-4.60.5,org.thoughtcrime.securesms.util,FeatureFlagsTest,updateInternal_removeValue_hotSwap_stickyAlreadyEnabled_notRemoteCapable,Assertion roulette,The tool detected the smell in this test method because the test uses multiple assertion in the test. Total number of assertions in the test are: 3
Signal-Android-4.60.5,org.thoughtcrime.securesms.util,FeatureFlagsTest,updateInternal_removeValue_hotSwap_stickyNotEnabled,Assertion roulette,The tool detected the smell in this test method because the test uses multiple assertion in the test. Total number of assertions in the test are: 3
Signal-Android-4.60.5,org.thoughtcrime.securesms.util,FeatureFlagsTest,updateInternal_removeValue_typeMismatch_hotSwap,Assertion roulette,The tool detected the smell in this test method because the test uses multiple assertion in the test. Total number of assertions in the test are: 3
Signal-Android-4.60.5,org.thoughtcrime.securesms.util,FeatureFlagsTest,updateInternal_twoNewValues,Assertion roulette,The tool detected the smell in this test method because the test uses multiple assertion in the test. Total number of assertions in the test are: 3
Signal-Android-4.60.5,org.thoughtcrime.securesms.util,FeatureFlagsTest,updateInternal_replaceOneOfTwoValues,Assertion roulette,The tool detected the smell in this test method because the test uses multiple assertion in the test. Total number of assertions in the test are: 3
Signal-Android-4.60.5,org.thoughtcrime.securesms.util,FeatureFlagsTest,computeChanges_generic,Assertion roulette,The tool detected the smell in this test method because the test uses multiple assertion in the test. Total number of assertions in the test are: 7
Signal-Android-4.60.5,org.thoughtcrime.securesms.util,UtilTest,chunk_oneChunk,Assertion roulette,The tool detected the smell in this test method because the test uses multiple assertion in the test. Total number of assertions in the test are: 6
Signal-Android-4.60.5,org.thoughtcrime.securesms.util,UtilTest,chunk_multipleChunks,Assertion roulette,The tool detected the smell in this test method because the test uses multiple assertion in the test. Total number of assertions in the test are: 13
Signal-Android-4.60.5,org.thoughtcrime.securesms.util,ListPartitionTest,testPartitionEven,Assertion roulette,The tool detected the smell in this test method because the test uses multiple assertion in the test. Total number of assertions in the test are: 3
Signal-Android-4.60.5,org.thoughtcrime.securesms.util,ListPartitionTest,testPartitionOdd,Assertion roulette,The tool detected the smell in this test method because the test uses multiple assertion in the test. Total number of assertions in the test are: 5
Signal-Android-4.60.5,org.thoughtcrime.securesms.util,ListPartitionTest,testPathological,Assertion roulette,The tool detected the smell in this test method because the test uses multiple assertion in the test. Total number of assertions in the test are: 3
Signal-Android-4.60.5,org.thoughtcrime.securesms.util,PhoneNumberFormatterTest,testFormatNumber,Assertion roulette,The tool detected the smell in this test method because the test uses multiple assertion in the test. Total number of assertions in the test are: 3
Signal-Android-4.60.5,org.thoughtcrime.securesms.util,PhoneNumberFormatterTest,testFormatNumberEmail,Missing assertion,The tool detected the smell in this test method because the test doesn't have any assertion.
Signal-Android-4.60.5,org.thoughtcrime.securesms.util,PhoneNumberFormatterTest,testFormatNumberEmail,Exceptional handling,The tool detected the smell in this test method because the test throws exception(s) from test (rather than using assertThrows method or expected annotation)
Signal-Android-4.60.5,org.thoughtcrime.securesms.util,PhoneNumberFormatterTest,testFormatNumberE164,Assertion roulette,The tool detected the smell in this test method because the test uses multiple assertion in the test. Total number of assertions in the test are: 14
Signal-Android-4.60.5,org.thoughtcrime.securesms.util,UsernameUtilTest,checkUsername_tooShort,Assertion roulette,The tool detected the smell in this test method because the test uses multiple assertion in the test. Total number of assertions in the test are: 3
Signal-Android-4.60.5,org.thoughtcrime.securesms.util,UsernameUtilTest,checkUsername_startsWithNumber,Assertion roulette,The tool detected the smell in this test method because the test uses multiple assertion in the test. Total number of assertions in the test are: 3
Signal-Android-4.60.5,org.thoughtcrime.securesms.util,UsernameUtilTest,checkUsername_invalidCharacters,Assertion roulette,The tool detected the smell in this test method because the test uses multiple assertion in the test. Total number of assertions in the test are: 7
Signal-Android-4.60.5,org.thoughtcrime.securesms.util,UsernameUtilTest,checkUsername_validUsernames,Assertion roulette,The tool detected the smell in this test method because the test uses multiple assertion in the test. Total number of assertions in the test are: 5
Signal-Android-4.60.5,org.thoughtcrime.securesms.util,SearchUtilTest,getHighlightRanges_multipleHighlightTokens,Assertion roulette,The tool detected the smell in this test method because the test uses multiple assertion in the test. Total number of assertions in the test are: 2
Signal-Android-4.60.5,org.thoughtcrime.securesms.util,SearchUtilTest,getHighlightRanges_onlyHighlightPrefixes,Assertion roulette,The tool detected the smell in this test method because the test uses multiple assertion in the test. Total number of assertions in the test are: 2
Signal-Android-4.60.5,org.thoughtcrime.securesms.util,ShortCodeUtilTest,testShortCodes,Assertion roulette,The tool detected the smell in this test method because the test uses multiple assertion in the test. Total number of assertions in the test are: 23
Signal-Android-4.60.5,org.thoughtcrime.securesms.util,Rfc5724UriTest,testInvalidPath,Missing assertion,The tool detected the smell in this test method because the test doesn't have any assertion.
Signal-Android-4.60.5,org.thoughtcrime.securesms.util,Rfc5724UriTest,testInvalidPath,Exceptional handling,The tool detected the smell in this test method because the test throws exception(s) from test (rather than using assertThrows method or expected annotation)
Signal-Android-4.60.5,org.thoughtcrime.securesms.util,Rfc5724UriTest,testGetQueryParams,Assertion roulette,The tool detected the smell in this test method because the test uses multiple assertion in the test. Total number of assertions in the test are: 2
Signal-Android-4.60.5,org.thoughtcrime.securesms.util,Rfc5724UriTest,testGetQueryParams,Conditional test logic,The tool detected the smell in this test method because the test wraps the assert statements within control flow statements.
Signal-Android-4.60.5,org.thoughtcrime.securesms.util,DelimiterUtilTest,testEscape,Assertion roulette,The tool detected the smell in this test method because the test uses multiple assertion in the test. Total number of assertions in the test are: 5
Signal-Android-4.60.5,org.thoughtcrime.securesms.util,DelimiterUtilTest,testSplit,Assertion roulette,The tool detected the smell in this test method because the test uses multiple assertion in the test. Total number of assertions in the test are: 5
Signal-Android-4.60.5,org.thoughtcrime.securesms.util,DelimiterUtilTest,testEscapeSplit,Assertion roulette,The tool detected the smell in this test method because the test uses multiple assertion in the test. Total number of assertions in the test are: 6
Signal-Android-4.60.5,org.thoughtcrime.securesms.util,SqlUtilTest,buildTrueUpdateQuery_simple,Assertion roulette,The tool detected the smell in this test method because the test uses multiple assertion in the test. Total number of assertions in the test are: 2
Signal-Android-4.60.5,org.thoughtcrime.securesms.util,SqlUtilTest,buildTrueUpdateQuery_complexSelection,Assertion roulette,The tool detected the smell in this test method because the test uses multiple assertion in the test. Total number of assertions in the test are: 2
Signal-Android-4.60.5,org.thoughtcrime.securesms.util,SqlUtilTest,buildTrueUpdateQuery_multipleContentValues,Assertion roulette,The tool detected the smell in this test method because the test uses multiple assertion in the test. Total number of assertions in the test are: 2
Signal-Android-4.60.5,org.thoughtcrime.securesms.util,SqlUtilTest,buildTrueUpdateQuery_nullContentValue,Assertion roulette,The tool detected the smell in this test method because the test uses multiple assertion in the test. Total number of assertions in the test are: 2
Signal-Android-4.60.5,org.thoughtcrime.securesms.util,SqlUtilTest,buildTrueUpdateQuery_complexContentValue,Assertion roulette,The tool detected the smell in this test method because the test uses multiple assertion in the test. Total number of assertions in the test are: 2
Signal-Android-4.60.5,org.thoughtcrime.securesms.util.dynamiclanguage,LanguageStringTest,LanguageStringTest,Constructor initialization,The tool detected the smell in this class because the class uses its constructor to initialize fields rather than test setup method.
Signal-Android-4.60.5,org.thoughtcrime.securesms.util.livedata,LiveDataUtilTest,on_update_a,Assertion roulette,The tool detected the smell in this test method because the test uses multiple assertion in the test. Total number of assertions in the test are: 2
Signal-Android-4.60.5,org.thoughtcrime.securesms.util.livedata,LiveDataUtilTest,on_update_b,Assertion roulette,The tool detected the smell in this test method because the test uses multiple assertion in the test. Total number of assertions in the test are: 2
Signal-Android-4.60.5,org.thoughtcrime.securesms.camera,OrderEnforcerTest,markCompleted_singleEntry,Assertion roulette,The tool detected the smell in this test method because the test uses multiple assertion in the test. Total number of assertions in the test are: 2
Signal-Android-4.60.5,org.thoughtcrime.securesms.camera,OrderEnforcerTest,markCompleted_singleEntry_waterfall,Assertion roulette,The tool detected the smell in this test method because the test uses multiple assertion in the test. Total number of assertions in the test are: 4
Signal-Android-4.60.5,org.thoughtcrime.securesms.camera,OrderEnforcerTest,markCompleted_multipleEntriesPerStage_waterfall,Assertion roulette,The tool detected the smell in this test method because the test uses multiple assertion in the test. Total number of assertions in the test are: 8
Signal-Android-4.60.5,org.thoughtcrime.securesms.contacts,SelectedContactSetTest,add_without_recipient_ids,Assertion roulette,The tool detected the smell in this test method because the test uses multiple assertion in the test. Total number of assertions in the test are: 3
Signal-Android-4.60.5,org.thoughtcrime.securesms.contacts,SelectedContactSetTest,add_with_recipient_ids,Assertion roulette,The tool detected the smell in this test method because the test uses multiple assertion in the test. Total number of assertions in the test are: 3
Signal-Android-4.60.5,org.thoughtcrime.securesms.contacts,SelectedContactSetTest,add_with_same_recipient_id,Assertion roulette,The tool detected the smell in this test method because the test uses multiple assertion in the test. Total number of assertions in the test are: 3
Signal-Android-4.60.5,org.thoughtcrime.securesms.contacts,SelectedContactSetTest,remove_by_recipient_id,Assertion roulette,The tool detected the smell in this test method because the test uses multiple assertion in the test. Total number of assertions in the test are: 4
Signal-Android-4.60.5,org.thoughtcrime.securesms.contacts,SelectedContactSetTest,remove_by_number,Assertion roulette,The tool detected the smell in this test method because the test uses multiple assertion in the test. Total number of assertions in the test are: 4
Signal-Android-4.60.5,org.thoughtcrime.securesms.contacts,SelectedContactSetTest,remove_by_username,Assertion roulette,The tool detected the smell in this test method because the test uses multiple assertion in the test. Total number of assertions in the test are: 4
Signal-Android-4.60.5,org.thoughtcrime.securesms.contacts,SelectedContactSetTest,remove_by_recipient_id_and_username,Assertion roulette,The tool detected the smell in this test method because the test uses multiple assertion in the test. Total number of assertions in the test are: 5
Signal-Android-4.60.5,org.thoughtcrime.securesms.contacts.sync,FuzzyPhoneNumberHelperTest,generateInput_noMxNumbers,Assertion roulette,The tool detected the smell in this test method because the test uses multiple assertion in the test. Total number of assertions in the test are: 3
Signal-Android-4.60.5,org.thoughtcrime.securesms.contacts.sync,FuzzyPhoneNumberHelperTest,generateInput_mxWith1_without1NotStored,Assertion roulette,The tool detected the smell in this test method because the test uses multiple assertion in the test. Total number of assertions in the test are: 3
Signal-Android-4.60.5,org.thoughtcrime.securesms.contacts.sync,FuzzyPhoneNumberHelperTest,generateInput_mxWith1_without1AlreadyStored,Assertion roulette,The tool detected the smell in this test method because the test uses multiple assertion in the test. Total number of assertions in the test are: 3
Signal-Android-4.60.5,org.thoughtcrime.securesms.contacts.sync,FuzzyPhoneNumberHelperTest,generateInput_mxWithout1_with1NotStored,Assertion roulette,The tool detected the smell in this test method because the test uses multiple assertion in the test. Total number of assertions in the test are: 3
Signal-Android-4.60.5,org.thoughtcrime.securesms.contacts.sync,FuzzyPhoneNumberHelperTest,generateInput_mxWithout1_with1AlreadyStored,Assertion roulette,The tool detected the smell in this test method because the test uses multiple assertion in the test. Total number of assertions in the test are: 3
Signal-Android-4.60.5,org.thoughtcrime.securesms.contacts.sync,FuzzyPhoneNumberHelperTest,generateInput_mxWithAndWithout1_neitherStored,Assertion roulette,The tool detected the smell in this test method because the test uses multiple assertion in the test. Total number of assertions in the test are: 3
Signal-Android-4.60.5,org.thoughtcrime.securesms.contacts.sync,FuzzyPhoneNumberHelperTest,generateInput_mxWithAndWithout1_with1AlreadyStored,Assertion roulette,The tool detected the smell in this test method because the test uses multiple assertion in the test. Total number of assertions in the test are: 3
Signal-Android-4.60.5,org.thoughtcrime.securesms.contacts.sync,FuzzyPhoneNumberHelperTest,generateInput_mxWithAndWithout1_without1AlreadyStored,Assertion roulette,The tool detected the smell in this test method because the test uses multiple assertion in the test. Total number of assertions in the test are: 3
Signal-Android-4.60.5,org.thoughtcrime.securesms.contacts.sync,FuzzyPhoneNumberHelperTest,generateOutput_noMxNumbers,Assertion roulette,The tool detected the smell in this test method because the test uses multiple assertion in the test. Total number of assertions in the test are: 3
Signal-Android-4.60.5,org.thoughtcrime.securesms.contacts.sync,FuzzyPhoneNumberHelperTest,generateOutput_bothMatch_no1To1,Assertion roulette,The tool detected the smell in this test method because the test uses multiple assertion in the test. Total number of assertions in the test are: 3
Signal-Android-4.60.5,org.thoughtcrime.securesms.contacts.sync,FuzzyPhoneNumberHelperTest,generateOutput_bothMatch_1toNo1,Assertion roulette,The tool detected the smell in this test method because the test uses multiple assertion in the test. Total number of assertions in the test are: 3
Signal-Android-4.60.5,org.thoughtcrime.securesms.contacts.sync,FuzzyPhoneNumberHelperTest,generateOutput_no1Match_no1To1,Assertion roulette,The tool detected the smell in this test method because the test uses multiple assertion in the test. Total number of assertions in the test are: 3
Signal-Android-4.60.5,org.thoughtcrime.securesms.contacts.sync,FuzzyPhoneNumberHelperTest,generateOutput_no1Match_1ToNo1,Assertion roulette,The tool detected the smell in this test method because the test uses multiple assertion in the test. Total number of assertions in the test are: 3
Signal-Android-4.60.5,org.thoughtcrime.securesms.contacts.sync,FuzzyPhoneNumberHelperTest,generateOutput_1Match_1ToNo1,Assertion roulette,The tool detected the smell in this test method because the test uses multiple assertion in the test. Total number of assertions in the test are: 3
Signal-Android-4.60.5,org.thoughtcrime.securesms.contacts.sync,FuzzyPhoneNumberHelperTest,generateOutput_1Match_no1To1,Assertion roulette,The tool detected the smell in this test method because the test uses multiple assertion in the test. Total number of assertions in the test are: 3
Signal-Android-4.60.5,org.thoughtcrime.securesms.logsubmit.util,ScrubberTest,ScrubberTest,Constructor initialization,The tool detected the smell in this class because the class uses its constructor to initialize fields rather than test setup method.
Signal-Android-4.60.5,org.thoughtcrime.securesms.groups,GroupIdTest,can_create_for_gv1,Assertion roulette,The tool detected the smell in this test method because the test uses multiple assertion in the test. Total number of assertions in the test are: 2
Signal-Android-4.60.5,org.thoughtcrime.securesms.groups,GroupIdTest,can_parse_gv1,Assertion roulette,The tool detected the smell in this test method because the test uses multiple assertion in the test. Total number of assertions in the test are: 6
Signal-Android-4.60.5,org.thoughtcrime.securesms.groups,GroupIdTest,can_create_for_gv2_from_GroupIdentifier,Assertion roulette,The tool detected the smell in this test method because the test uses multiple assertion in the test. Total number of assertions in the test are: 5
Signal-Android-4.60.5,org.thoughtcrime.securesms.groups,GroupIdTest,can_create_for_gv2_from_GroupMasterKey,Assertion roulette,The tool detected the smell in this test method because the test uses multiple assertion in the test. Total number of assertions in the test are: 5
Signal-Android-4.60.5,org.thoughtcrime.securesms.groups,GroupIdTest,can_parse_gv2,Assertion roulette,The tool detected the smell in this test method because the test uses multiple assertion in the test. Total number of assertions in the test are: 6
Signal-Android-4.60.5,org.thoughtcrime.securesms.groups,GroupIdTest,can_create_for_mms,Assertion roulette,The tool detected the smell in this test method because the test uses multiple assertion in the test. Total number of assertions in the test are: 5
Signal-Android-4.60.5,org.thoughtcrime.securesms.groups,GroupIdTest,can_parse_mms,Assertion roulette,The tool detected the smell in this test method because the test uses multiple assertion in the test. Total number of assertions in the test are: 6
Signal-Android-4.60.5,org.thoughtcrime.securesms.groups,GroupIdTest,can_parse_gv1_with_parseNullable,Assertion roulette,The tool detected the smell in this test method because the test uses multiple assertion in the test. Total number of assertions in the test are: 6
Signal-Android-4.60.5,org.thoughtcrime.securesms.groups,GroupIdTest,equality,Assertion roulette,The tool detected the smell in this test method because the test uses multiple assertion in the test. Total number of assertions in the test are: 3
Signal-Android-4.60.5,org.thoughtcrime.securesms.groups,GroupIdTest,inequality_by_bytes,Assertion roulette,The tool detected the smell in this test method because the test uses multiple assertion in the test. Total number of assertions in the test are: 3
Signal-Android-4.60.5,org.thoughtcrime.securesms.groups,GroupIdTest,inequality_of_sms_and_mms,Assertion roulette,The tool detected the smell in this test method because the test uses multiple assertion in the test. Total number of assertions in the test are: 3
Signal-Android-4.60.5,org.thoughtcrime.securesms.groups,GroupIdTest,require_v1_and_push,Assertion roulette,The tool detected the smell in this test method because the test uses multiple assertion in the test. Total number of assertions in the test are: 2
Signal-Android-4.60.5,org.thoughtcrime.securesms.groups,GroupIdTest,require_v2_and_push,Assertion roulette,The tool detected the smell in this test method because the test uses multiple assertion in the test. Total number of assertions in the test are: 2
Signal-Android-4.60.5,org.thoughtcrime.securesms.groups,GroupIdTest,create_mms,Assertion roulette,The tool detected the smell in this test method because the test uses multiple assertion in the test. Total number of assertions in the test are: 2
Signal-Android-4.60.5,org.thoughtcrime.securesms.groups,GroupIdTest,create_v1,Assertion roulette,The tool detected the smell in this test method because the test uses multiple assertion in the test. Total number of assertions in the test are: 2
Signal-Android-4.60.5,org.thoughtcrime.securesms.groups.v2.processing,GroupStateMapperTest,unknown_group_with_no_states_to_update,Assertion roulette,The tool detected the smell in this test method because the test uses multiple assertion in the test. Total number of assertions in the test are: 3
Signal-Android-4.60.5,org.thoughtcrime.securesms.groups.v2.processing,GroupStateMapperTest,known_group_with_no_states_to_update,Assertion roulette,The tool detected the smell in this test method because the test uses multiple assertion in the test. Total number of assertions in the test are: 3
Signal-Android-4.60.5,org.thoughtcrime.securesms.groups.v2.processing,GroupStateMapperTest,unknown_group_single_state_to_update,Assertion roulette,The tool detected the smell in this test method because the test uses multiple assertion in the test. Total number of assertions in the test are: 3
Signal-Android-4.60.5,org.thoughtcrime.securesms.groups.v2.processing,GroupStateMapperTest,known_group_single_state_to_update,Assertion roulette,The tool detected the smell in this test method because the test uses multiple assertion in the test. Total number of assertions in the test are: 3
Signal-Android-4.60.5,org.thoughtcrime.securesms.groups.v2.processing,GroupStateMapperTest,known_group_two_states_to_update,Assertion roulette,The tool detected the smell in this test method because the test uses multiple assertion in the test. Total number of assertions in the test are: 3
Signal-Android-4.60.5,org.thoughtcrime.securesms.groups.v2.processing,GroupStateMapperTest,known_group_two_states_to_update_already_on_one,Assertion roulette,The tool detected the smell in this test method because the test uses multiple assertion in the test. Total number of assertions in the test are: 3
Signal-Android-4.60.5,org.thoughtcrime.securesms.groups.v2.processing,GroupStateMapperTest,known_group_three_states_to_update_stop_at_2,Assertion roulette,The tool detected the smell in this test method because the test uses multiple assertion in the test. Total number of assertions in the test are: 2
Signal-Android-4.60.5,org.thoughtcrime.securesms.groups.v2.processing,GroupStateMapperTest,known_group_three_states_to_update_update_latest,Assertion roulette,The tool detected the smell in this test method because the test uses multiple assertion in the test. Total number of assertions in the test are: 2
Signal-Android-4.60.5,org.thoughtcrime.securesms.groups.v2.processing,GroupStateMapperTest,apply_maximum_group_versions,Assertion roulette,The tool detected the smell in this test method because the test uses multiple assertion in the test. Total number of assertions in the test are: 2
Signal-Android-4.60.5,org.thoughtcrime.securesms.megaphone,PinsForAllScheduleTest,givenFirstVisibleIsFullscreenTimeout_whenIShouldDisplayFullscreen_thenIExpectTrue,Ignored test,The tool detected the smell in this test method because the test is excluded from testing.
Signal-Android-4.60.5,org.thoughtcrime.securesms.recipients,RecipientUtilTest,givenIHaveReceivedASecureMessageIHaveNotSentASecureMessageAndRecipientIsNotSystemContactAndNotProfileSharing_whenIsThreadMessageRequestAccepted_thenIExpectFalse,Ignored test,The tool detected the smell in this test method because the test is excluded from testing.
Signal-Android-4.60.5,org.thoughtcrime.securesms.recipients,RecipientUtilTest,givenNoSecureMessagesSentSomeSecureMessagesReceivedNotSharingAndNotSystemContact_whenIsRecipientMessageRequestAccepted_thenIExpectFalse,Ignored test,The tool detected the smell in this test method because the test is excluded from testing.
Signal-Android-4.60.5,org.thoughtcrime.securesms.recipients,RecipientUtilTest,givenNoSecureMessagesSent_whenIShareProfileIfFirstSecureMessage_thenIShareProfile,Missing assertion,The tool detected the smell in this test method because the test doesn't have any assertion.
Signal-Android-4.60.5,org.thoughtcrime.securesms.recipients,RecipientUtilTest,givenNoSecureMessagesSent_whenIShareProfileIfFirstSecureMessage_thenIShareProfile,Ignored test,The tool detected the smell in this test method because the test is excluded from testing.
Signal-Android-4.60.5,org.thoughtcrime.securesms.recipients,RecipientUtilTest,givenSecureMessagesSent_whenIShareProfileIfFirstSecureMessage_thenIShareProfile,Missing assertion,The tool detected the smell in this test method because the test doesn't have any assertion.
Signal-Android-4.60.5,org.thoughtcrime.securesms.recipients,RecipientUtilTest,givenSecureMessagesSent_whenIShareProfileIfFirstSecureMessage_thenIShareProfile,Ignored test,The tool detected the smell in this test method because the test is excluded from testing.
Signal-Android-4.60.5,org.thoughtcrime.securesms.recipients,RecipientExporterTest,asAddContactIntent_with_phone_number,Assertion roulette,The tool detected the smell in this test method because the test uses multiple assertion in the test. Total number of assertions in the test are: 5
Signal-Android-4.60.5,org.thoughtcrime.securesms.recipients,RecipientExporterTest,asAddContactIntent_with_email,Assertion roulette,The tool detected the smell in this test method because the test uses multiple assertion in the test. Total number of assertions in the test are: 5
Signal-Android-4.60.5,org.thoughtcrime.securesms.recipients,RecipientIdSerializationTest,serializedListContains_find_all_items_in_triple_list,Assertion roulette,The tool detected the smell in this test method because the test uses multiple assertion in the test. Total number of assertions in the test are: 3
Signal-Android-4.60.5,org.thoughtcrime.securesms.recipients,RecipientIdSerializationTest,serializedListContains_cant_find_similar_items_in_triple_list,Assertion roulette,The tool detected the smell in this test method because the test uses multiple assertion in the test. Total number of assertions in the test are: 3
Signal-Android-4.60.5,org.thoughtcrime.securesms.recipients,RecipientIdCacheTest,if_cache_state_disagrees_returns_null,Assertion roulette,The tool detected the smell in this test method because the test uses multiple assertion in the test. Total number of assertions in the test are: 3
Signal-Android-4.60.5,org.thoughtcrime.securesms.recipients,RecipientIdCacheTest,after_invalid_cache_hit_entries_are_cleared_up,Assertion roulette,The tool detected the smell in this test method because the test uses multiple assertion in the test. Total number of assertions in the test are: 2
Signal-Android-4.60.5,org.thoughtcrime.securesms.recipients,RecipientIdCacheTest,multiple_entries,Assertion roulette,The tool detected the smell in this test method because the test uses multiple assertion in the test. Total number of assertions in the test are: 2
Signal-Android-4.60.5,org.thoughtcrime.securesms.recipients,RecipientIdCacheTest,remains_in_cache_when_used_before_reaching_cache_limit,Assertion roulette,The tool detected the smell in this test method because the test uses multiple assertion in the test. Total number of assertions in the test are: 2
Signal-Android-4.60.5,org.thoughtcrime.securesms.storage,ContactConflictMergerTest,merge_alwaysPreferRemote_exceptProfileSharingIsEitherOr,Assertion roulette,The tool detected the smell in this test method because the test uses multiple assertion in the test. Total number of assertions in the test are: 11
Signal-Android-4.60.5,org.thoughtcrime.securesms.storage,ContactConflictMergerTest,merge_fillInGaps_treatNamePartsAsOneUnit,Assertion roulette,The tool detected the smell in this test method because the test uses multiple assertion in the test. Total number of assertions in the test are: 10
Signal-Android-4.60.5,org.thoughtcrime.securesms.storage,GroupV2ConflictMergerTest,merge_alwaysPreferRemote_exceptProfileSharingIsEitherOr,Assertion roulette,The tool detected the smell in this test method because the test uses multiple assertion in the test. Total number of assertions in the test are: 4
Signal-Android-4.60.5,org.thoughtcrime.securesms.storage,StorageSyncHelperTest,findKeyDifference_allOverlap,Assertion roulette,The tool detected the smell in this test method because the test uses multiple assertion in the test. Total number of assertions in the test are: 2
Signal-Android-4.60.5,org.thoughtcrime.securesms.storage,StorageSyncHelperTest,findKeyDifference_noOverlap,Assertion roulette,The tool detected the smell in this test method because the test uses multiple assertion in the test. Total number of assertions in the test are: 2
Signal-Android-4.60.5,org.thoughtcrime.securesms.storage,StorageSyncHelperTest,findKeyDifference_someOverlap,Assertion roulette,The tool detected the smell in this test method because the test uses multiple assertion in the test. Total number of assertions in the test are: 2
Signal-Android-4.60.5,org.thoughtcrime.securesms.storage,StorageSyncHelperTest,resolveConflict_noOverlap,Assertion roulette,The tool detected the smell in this test method because the test uses multiple assertion in the test. Total number of assertions in the test are: 5
Signal-Android-4.60.5,org.thoughtcrime.securesms.storage,StorageSyncHelperTest,resolveConflict_contact_deleteSelfContact,Assertion roulette,The tool detected the smell in this test method because the test uses multiple assertion in the test. Total number of assertions in the test are: 5
Signal-Android-4.60.5,org.thoughtcrime.securesms.storage,StorageSyncHelperTest,resolveConflict_contact_sameAsRemote,Assertion roulette,The tool detected the smell in this test method because the test uses multiple assertion in the test. Total number of assertions in the test are: 5
Signal-Android-4.60.5,org.thoughtcrime.securesms.storage,StorageSyncHelperTest,resolveConflict_group_sameAsRemote,Assertion roulette,The tool detected the smell in this test method because the test uses multiple assertion in the test. Total number of assertions in the test are: 5
Signal-Android-4.60.5,org.thoughtcrime.securesms.storage,StorageSyncHelperTest,resolveConflict_contact_sameAsLocal,Assertion roulette,The tool detected the smell in this test method because the test uses multiple assertion in the test. Total number of assertions in the test are: 5
Signal-Android-4.60.5,org.thoughtcrime.securesms.storage,StorageSyncHelperTest,resolveConflict_group_sameAsLocal,Assertion roulette,The tool detected the smell in this test method because the test uses multiple assertion in the test. Total number of assertions in the test are: 5
Signal-Android-4.60.5,org.thoughtcrime.securesms.storage,StorageSyncHelperTest,resolveConflict_unknowns,Assertion roulette,The tool detected the smell in this test method because the test uses multiple assertion in the test. Total number of assertions in the test are: 5
Signal-Android-4.60.5,org.thoughtcrime.securesms.storage,StorageSyncHelperTest,resolveConflict_complex,Assertion roulette,The tool detected the smell in this test method because the test uses multiple assertion in the test. Total number of assertions in the test are: 9
Signal-Android-4.60.5,org.thoughtcrime.securesms.storage,StorageSyncHelperTest,createWriteOperation_generic,Assertion roulette,The tool detected the smell in this test method because the test uses multiple assertion in the test. Total number of assertions in the test are: 5
Signal-Android-4.60.5,org.thoughtcrime.securesms.storage,StorageSyncHelperTest,ContactUpdate_equals_sameProfileKeys,Assertion roulette,The tool detected the smell in this test method because the test uses multiple assertion in the test. Total number of assertions in the test are: 3
Signal-Android-4.60.5,org.thoughtcrime.securesms.storage,StorageSyncHelperTest,ContactUpdate_equals_differentProfileKeys,Assertion roulette,The tool detected the smell in this test method because the test uses multiple assertion in the test. Total number of assertions in the test are: 3
Signal-Android-4.60.5,org.thoughtcrime.securesms.storage,GroupV1ConflictMergerTest,merge_alwaysPreferRemote_exceptProfileSharingIsEitherOr,Assertion roulette,The tool detected the smell in this test method because the test uses multiple assertion in the test. Total number of assertions in the test are: 4
Signal-Android-4.60.5,org.thoughtcrime.securesms.keyvalue,KeyValueDataSetTest,containsKey_generic,Assertion roulette,The tool detected the smell in this test method because the test uses multiple assertion in the test. Total number of assertions in the test are: 7
Signal-Android-4.60.5,org.thoughtcrime.securesms.keyvalue,KeyValueDataSetTest,getBlob_positive_nonNull,Assertion roulette,The tool detected the smell in this test method because the test uses multiple assertion in the test. Total number of assertions in the test are: 3
Signal-Android-4.60.5,org.thoughtcrime.securesms.keyvalue,KeyValueDataSetTest,getBlob_positive_null,Assertion roulette,The tool detected the smell in this test method because the test uses multiple assertion in the test. Total number of assertions in the test are: 2
Signal-Android-4.60.5,org.thoughtcrime.securesms.keyvalue,KeyValueDataSetTest,getBlob_default,Assertion roulette,The tool detected the smell in this test method because the test uses multiple assertion in the test. Total number of assertions in the test are: 2
Signal-Android-4.60.5,org.thoughtcrime.securesms.keyvalue,KeyValueDataSetTest,getBoolean_positive,Assertion roulette,The tool detected the smell in this test method because the test uses multiple assertion in the test. Total number of assertions in the test are: 2
Signal-Android-4.60.5,org.thoughtcrime.securesms.keyvalue,KeyValueDataSetTest,getFloat_positive,Assertion roulette,The tool detected the smell in this test method because the test uses multiple assertion in the test. Total number of assertions in the test are: 2
Signal-Android-4.60.5,org.thoughtcrime.securesms.keyvalue,KeyValueDataSetTest,getInteger_positive,Assertion roulette,The tool detected the smell in this test method because the test uses multiple assertion in the test. Total number of assertions in the test are: 2
Signal-Android-4.60.5,org.thoughtcrime.securesms.keyvalue,KeyValueDataSetTest,getLong_positive,Assertion roulette,The tool detected the smell in this test method because the test uses multiple assertion in the test. Total number of assertions in the test are: 2
Signal-Android-4.60.5,org.thoughtcrime.securesms.keyvalue,KeyValueDataSetTest,getString_positive_nonNull,Assertion roulette,The tool detected the smell in this test method because the test uses multiple assertion in the test. Total number of assertions in the test are: 2
Signal-Android-4.60.5,org.thoughtcrime.securesms.keyvalue,KeyValueDataSetTest,getString_positive_null,Assertion roulette,The tool detected the smell in this test method because the test uses multiple assertion in the test. Total number of assertions in the test are: 2
Signal-Android-4.60.5,org.thoughtcrime.securesms.keyvalue,KeyValueDataSetTest,remove_generic,Assertion roulette,The tool detected the smell in this test method because the test uses multiple assertion in the test. Total number of assertions in the test are: 2
Signal-Android-4.60.5,org.thoughtcrime.securesms.contactshare,ContactUtilTest_getPrettyPhoneNumber,ContactUtilTest_getPrettyPhoneNumber,Constructor initialization,The tool detected the smell in this class because the class uses its constructor to initialize fields rather than test setup method.
Signal-Android-4.60.5,org.thoughtcrime.securesms.profiles,ProfileNameTest,givenEmpty_thenIExpectSaneDefaults,Assertion roulette,The tool detected the smell in this test method because the test uses multiple assertion in the test. Total number of assertions in the test are: 4
Signal-Android-4.60.5,org.thoughtcrime.securesms.profiles,ProfileNameTest,givenProfileNameWithGivenNameOnly_whenIFromDataString_thenIExpectValidProfileName,Assertion roulette,The tool detected the smell in this test method because the test uses multiple assertion in the test. Total number of assertions in the test are: 4
Signal-Android-4.60.5,org.thoughtcrime.securesms.profiles,ProfileNameTest,givenProfileNameWithEnglishGivenNameAndEnglishFamilyName_whenIFromDataString_thenIExpectValidProfileName,Assertion roulette,The tool detected the smell in this test method because the test uses multiple assertion in the test. Total number of assertions in the test are: 4
Signal-Android-4.60.5,org.thoughtcrime.securesms.profiles,ProfileNameTest,givenProfileNameWithEnglishGivenNameAndCJKVFamilyName_whenIFromDataString_thenIExpectNonCJKVProfileName,Assertion roulette,The tool detected the smell in this test method because the test uses multiple assertion in the test. Total number of assertions in the test are: 4
Signal-Android-4.60.5,org.thoughtcrime.securesms.profiles,ProfileNameTest,givenProfileNameWithCJKVGivenNameAndCJKVFamilyName_whenIFromDataString_thenIExpectNonCJKVProfileName,Assertion roulette,The tool detected the smell in this test method because the test uses multiple assertion in the test. Total number of assertions in the test are: 4
Signal-Android-4.60.5,org.thoughtcrime.securesms.profiles,ProfileNameTest,givenProfileNameWithCJKVGivenNameAndEnglishFamilyName_whenIFromDataString_thenIExpectNonCJKVProfileName,Assertion roulette,The tool detected the smell in this test method because the test uses multiple assertion in the test. Total number of assertions in the test are: 4
Signal-Android-4.60.5,org.thoughtcrime.securesms.profiles,ProfileNameTest,givenProfileNameWithEmptyGivenName_whenIToDataString_thenIExpectAnEmptyString,Assertion roulette,The tool detected the smell in this test method because the test uses multiple assertion in the test. Total number of assertions in the test are: 2
Signal-Android-4.60.5,org.thoughtcrime.securesms.profiles,ProfileNameTest,fromParts_with_long_name_parts,Assertion roulette,The tool detected the smell in this test method because the test uses multiple assertion in the test. Total number of assertions in the test are: 2
Signal-Android-4.60.5,org.thoughtcrime.securesms.profiles,ProfileNameTest,givenProfileNameWithGivenNameAndFamilyNameWithSpaces_whenIToDataString_thenIExpectTrimmedProfileName,Assertion roulette,The tool detected the smell in this test method because the test uses multiple assertion in the test. Total number of assertions in the test are: 3
Signal-Android-4.60.5,org.thoughtcrime.securesms.jobs,FastJobStorageTest,init_allStoredDataAvailable,Missing assertion,The tool detected the smell in this test method because the test doesn't have any assertion.
Signal-Android-4.60.5,org.thoughtcrime.securesms.jobs,FastJobStorageTest,insertJobs_writesToDatabase,Missing assertion,The tool detected the smell in this test method because the test doesn't have any assertion.
Signal-Android-4.60.5,org.thoughtcrime.securesms.jobs,FastJobStorageTest,insertJobs_dataCanBeFound,Missing assertion,The tool detected the smell in this test method because the test doesn't have any assertion.
Signal-Android-4.60.5,org.thoughtcrime.securesms.jobs,FastJobStorageTest,insertJobs_individualJobCanBeFound,Assertion roulette,The tool detected the smell in this test method because the test uses multiple assertion in the test. Total number of assertions in the test are: 2
Signal-Android-4.60.5,org.thoughtcrime.securesms.jobs,FastJobStorageTest,updateAllJobsToBePending_writesToDatabase,Missing assertion,The tool detected the smell in this test method because the test doesn't have any assertion.
Signal-Android-4.60.5,org.thoughtcrime.securesms.jobs,FastJobStorageTest,updateAllJobsToBePending_allArePending,Assertion roulette,The tool detected the smell in this test method because the test uses multiple assertion in the test. Total number of assertions in the test are: 2
Signal-Android-4.60.5,org.thoughtcrime.securesms.jobs,FastJobStorageTest,updateJobs_writesToDatabase,Missing assertion,The tool detected the smell in this test method because the test doesn't have any assertion.
Signal-Android-4.60.5,org.thoughtcrime.securesms.jobs,FastJobStorageTest,updateJobs_updatesAllFields,Assertion roulette,The tool detected the smell in this test method because the test uses multiple assertion in the test. Total number of assertions in the test are: 3
Signal-Android-4.60.5,org.thoughtcrime.securesms.jobs,FastJobStorageTest,updateJobRunningState_writesToDatabase,Missing assertion,The tool detected the smell in this test method because the test doesn't have any assertion.
Signal-Android-4.60.5,org.thoughtcrime.securesms.jobs,FastJobStorageTest,updateJobRunningState_stateUpdated,Assertion roulette,The tool detected the smell in this test method because the test uses multiple assertion in the test. Total number of assertions in the test are: 2
Signal-Android-4.60.5,org.thoughtcrime.securesms.jobs,FastJobStorageTest,updateJobAfterRetry_writesToDatabase,Missing assertion,The tool detected the smell in this test method because the test doesn't have any assertion.
Signal-Android-4.60.5,org.thoughtcrime.securesms.jobs,FastJobStorageTest,updateJobAfterRetry_stateUpdated,Assertion roulette,The tool detected the smell in this test method because the test uses multiple assertion in the test. Total number of assertions in the test are: 5
Signal-Android-4.60.5,org.thoughtcrime.securesms.jobs,FastJobStorageTest,getPendingJobsWithNoDependenciesInCreatedOrder_singleEligibleJobInMixedList,Assertion roulette,The tool detected the smell in this test method because the test uses multiple assertion in the test. Total number of assertions in the test are: 2
Signal-Android-4.60.5,org.thoughtcrime.securesms.jobs,FastJobStorageTest,getPendingJobsWithNoDependenciesInCreatedOrder_firstItemInQueue,Assertion roulette,The tool detected the smell in this test method because the test uses multiple assertion in the test. Total number of assertions in the test are: 2
Signal-Android-4.60.5,org.thoughtcrime.securesms.jobs,FastJobStorageTest,getPendingJobsWithNoDependenciesInCreatedOrder_migrationJobTakesPrecedence,Assertion roulette,The tool detected the smell in this test method because the test uses multiple assertion in the test. Total number of assertions in the test are: 2
Signal-Android-4.60.5,org.thoughtcrime.securesms.jobs,FastJobStorageTest,getPendingJobsWithNoDependenciesInCreatedOrder_onlyReturnFirstEligibleMigrationJob,Assertion roulette,The tool detected the smell in this test method because the test uses multiple assertion in the test. Total number of assertions in the test are: 2
Signal-Android-4.60.5,org.thoughtcrime.securesms.jobs,FastJobStorageTest,deleteJobs_writesToDatabase,Missing assertion,The tool detected the smell in this test method because the test doesn't have any assertion.
Signal-Android-4.60.5,org.thoughtcrime.securesms.jobs,FastJobStorageTest,deleteJobs_deletesAllRelevantPieces,Assertion roulette,The tool detected the smell in this test method because the test uses multiple assertion in the test. Total number of assertions in the test are: 6
Signal-Android-4.60.5,org.thoughtcrime.securesms.jobs,FastJobStorageTest,getDependencySpecsThatDependOnJob_startOfChain,Assertion roulette,The tool detected the smell in this test method because the test uses multiple assertion in the test. Total number of assertions in the test are: 3
Signal-Android-4.60.5,org.thoughtcrime.securesms.jobs,FastJobStorageTest,getDependencySpecsThatDependOnJob_midChain,Assertion roulette,The tool detected the smell in this test method because the test uses multiple assertion in the test. Total number of assertions in the test are: 2
Signal-Android-4.60.5,org.thoughtcrime.securesms.service,VerificationCodeParserTest,testChallenges,Assertion roulette,The tool detected the smell in this test method because the test uses multiple assertion in the test. Total number of assertions in the test are: 2
Signal-Android-4.60.5,org.thoughtcrime.securesms.phonenumbers,PhoneNumberFormatterTest,testNumberArbitrary,Assertion roulette,The tool detected the smell in this test method because the test uses multiple assertion in the test. Total number of assertions in the test are: 10
Signal-Android-4.60.5,org.thoughtcrime.securesms.phonenumbers,PhoneNumberFormatterTest,testUsNumbers,Assertion roulette,The tool detected the smell in this test method because the test uses multiple assertion in the test. Total number of assertions in the test are: 8
Signal-Android-4.60.5,org.thoughtcrime.securesms.phonenumbers,PhoneNumberFormatterTest,testBrNumbers,Assertion roulette,The tool detected the smell in this test method because the test uses multiple assertion in the test. Total number of assertions in the test are: 12
Signal-Android-4.60.5,org.thoughtcrime.securesms.logging,LogTest,tag_23_character_class_name,Assertion roulette,The tool detected the smell in this test method because the test uses multiple assertion in the test. Total number of assertions in the test are: 2
Signal-Android-4.60.5,org.thoughtcrime.securesms.logging,LogTest,tag_24_character_class_name,Assertion roulette,The tool detected the smell in this test method because the test uses multiple assertion in the test. Total number of assertions in the test are: 3
Signal-Android-4.60.5,org.thoughtcrime.securesms.notifications,MarkReadReceiverTest,givenMultipleThreadsWithMultipleMessagesEach_whenIProcess_thenIProperlyGroupByThreadAndRecipient,Assertion roulette,The tool detected the smell in this test method because the test uses multiple assertion in the test. Total number of assertions in the test are: 4
Signal-Android-4.60.5,org.signal.lint,LogDetectorTest,androidLogUsed_LogNotSignal_2_args,Missing assertion,The tool detected the smell in this test method because the test doesn't have any assertion.
Signal-Android-4.60.5,org.signal.lint,LogDetectorTest,androidLogUsed_LogNotSignal_3_args,Missing assertion,The tool detected the smell in this test method because the test doesn't have any assertion.
Signal-Android-4.60.5,org.signal.lint,LogDetectorTest,signalServiceLogUsed_LogNotApp_2_args,Missing assertion,The tool detected the smell in this test method because the test doesn't have any assertion.
Signal-Android-4.60.5,org.signal.lint,LogDetectorTest,signalServiceLogUsed_LogNotApp_3_args,Missing assertion,The tool detected the smell in this test method because the test doesn't have any assertion.
Signal-Android-4.60.5,org.signal.lint,LogDetectorTest,log_uses_tag_constant,Missing assertion,The tool detected the smell in this test method because the test doesn't have any assertion.
Signal-Android-4.60.5,org.signal.lint,LogDetectorTest,log_uses_inline_tag,Missing assertion,The tool detected the smell in this test method because the test doesn't have any assertion.
Signal-Android-4.60.5,org.whispersystems.signalservice.internal.push.http,DigestingRequestBodyTest,givenSameKeyAndIV_whenIWriteToBuffer_thenIExpectSameContents,Assertion roulette,The tool detected the smell in this test method because the test uses multiple assertion in the test. Total number of assertions in the test are: 3
Signal-Android-4.60.5,org.whispersystems.signalservice.api.crypto,SkippingOutputStreamTest,givenZeroToSkip_whenIWriteInt_thenIGetIntInOutput,Assertion roulette,The tool detected the smell in this test method because the test uses multiple assertion in the test. Total number of assertions in the test are: 2
Signal-Android-4.60.5,org.whispersystems.signalservice.api.crypto,SkippingOutputStreamTest,givenOneToSkip_whenIWriteIntTwice_thenIGetSecondIntInOutput,Assertion roulette,The tool detected the smell in this test method because the test uses multiple assertion in the test. Total number of assertions in the test are: 2
Signal-Android-4.60.5,org.whispersystems.signalservice.api.crypto,SkippingOutputStreamTest,givenZeroToSkip_whenIWriteArray_thenIGetArrayInOutput,Assertion roulette,The tool detected the smell in this test method because the test uses multiple assertion in the test. Total number of assertions in the test are: 2
Signal-Android-4.60.5,org.whispersystems.signalservice.api.crypto,SkippingOutputStreamTest,givenNonZeroToSkip_whenIWriteArray_thenIGetEndOfArrayInOutput,Assertion roulette,The tool detected the smell in this test method because the test uses multiple assertion in the test. Total number of assertions in the test are: 2
Signal-Android-4.60.5,org.whispersystems.signalservice.api.crypto,SkippingOutputStreamTest,givenZeroToSkip_whenIWriteArrayRange_thenIGetArrayRangeInOutput,Assertion roulette,The tool detected the smell in this test method because the test uses multiple assertion in the test. Total number of assertions in the test are: 2
Signal-Android-4.60.5,org.whispersystems.signalservice.api.crypto,SkippingOutputStreamTest,givenNonZeroToSkip_whenIWriteArrayRange_thenIGetEndOfArrayRangeInOutput,Assertion roulette,The tool detected the smell in this test method because the test uses multiple assertion in the test. Total number of assertions in the test are: 2
Signal-Android-4.60.5,org.whispersystems.signalservice.api.crypto,SkippingOutputStreamTest,givenSkipGreaterThanByteArrayRange_whenIWriteArrayRangeTwice_thenIGetExpectedOutput,Assertion roulette,The tool detected the smell in this test method because the test uses multiple assertion in the test. Total number of assertions in the test are: 2
Signal-Android-4.60.5,org.whispersystems.signalservice.api.util,OptionalUtilTest,equal_contents,Assertion roulette,The tool detected the smell in this test method because the test uses multiple assertion in the test. Total number of assertions in the test are: 2
Signal-Android-4.60.5,org.whispersystems.signalservice.api.util,OptionalUtilTest,in_equal_contents,Assertion roulette,The tool detected the smell in this test method because the test uses multiple assertion in the test. Total number of assertions in the test are: 2
Signal-Android-4.60.5,org.whispersystems.signalservice.api.groupsv2,GroupChangeUtilTest,ensure_GroupChangeUtil_knows_about_all_fields_of_GroupChange_Actions,Exceptional handling,The tool detected the smell in this test method because the test throws exception(s) from test (rather than using assertThrows method or expected annotation)
Signal-Android-4.60.5,org.whispersystems.signalservice.api.storage,SignalContactRecordTest,contacts_with_same_identity_key_contents_are_equal,Assertion roulette,The tool detected the smell in this test method because the test uses multiple assertion in the test. Total number of assertions in the test are: 2
Signal-Android-4.60.5,org.whispersystems.signalservice.api.storage,SignalContactRecordTest,contacts_with_different_identity_key_contents_are_not_equal,Assertion roulette,The tool detected the smell in this test method because the test uses multiple assertion in the test. Total number of assertions in the test are: 2
Signal-Android-4.60.5,org.whispersystems.signalservice.api.kbs,MasterKeyTest,equality,Assertion roulette,The tool detected the smell in this test method because the test uses multiple assertion in the test. Total number of assertions in the test are: 2
Signal-Android-4.60.5,org.whispersystems.signalservice.api.kbs,MasterKeyTest,in_equality,Assertion roulette,The tool detected the smell in this test method because the test uses multiple assertion in the test. Total number of assertions in the test are: 2
